tamano,tiempo_ms
5000,0.240043
10000,0.480296
15000,0.747125
20000,1.006588
25000,1.281840
30000,1.549392
35000,1.848821
40000,2.127502
45000,2.423354
50000,2.690231
