tamano,tiempo_ms
2500,0.320497
5000,1.329133
7500,2.919553
10000,5.232166
12500,7.974431
15000,11.701958
17500,15.852677
20000,20.644188
22500,26.139009
25000,32.358076
