tamano,tiempo_ms
2500,1.260866
5000,4.819033
7500,10.615071
10000,18.652702
12500,29.050927
15000,42.151498
17500,56.900656
20000,74.667092
22500,94.670183
25000,117.093860
