tamano,tiempo_ms
2500,0.106037
5000,0.225828
7500,0.351045
10000,0.476456
12500,0.603453
15000,0.733152
17500,0.867995
20000,1.008766
22500,1.143686
25000,1.279090
