tamano,tiempo_ms
2500,0.104650
5000,0.334138
7500,0.441473
10000,0.660974
12500,0.851000
15000,1.063032
17500,1.239810
20000,1.443193
22500,1.633618
25000,1.839625
