tamano,tiempo_ms
5000,5.432269
10000,18.754708
15000,41.676412
20000,75.212360
25000,116.252818
30000,168.924481
35000,230.175055
40000,298.585831
45000,381.833838
50000,469.390580
