tamano,tiempo_ms
5000,11.589822
10000,64.196373
15000,170.965233
20000,347.996394
25000,584.215937
30000,896.231655
35000,1261.479783
40000,1686.215890
45000,2182.806694
50000,2741.504721
