tamano,tiempo_ms
2500,3.668817
5000,11.409823
7500,28.039276
10000,63.607932
12500,110.133857
15000,170.439096
17500,246.346119
20000,340.604913
22500,452.194851
25000,576.671080
