tamano,tiempo_ms
5000,1.350124
10000,4.498876
15000,10.095520
20000,18.358135
25000,28.475063
30000,41.452012
35000,56.340577
40000,72.507173
45000,94.092511
50000,117.188721
