tamano,tiempo_ms
5000,0.351653
10000,0.675680
15000,1.070355
20000,1.731238
25000,1.782583
30000,2.207738
35000,2.624993
40000,2.994748
45000,3.352026
50000,3.753514
